 <data fileName="LLCON">
        <header></header>
        <body>
            <field>
                <fieldName>brno_1</fieldName>
                <fieldType>string</fieldType>
                <length>3</length>
            </field>
            <field>
                <fieldName>separator</fieldName>
                <fieldType>string</fieldType>
                <length>1</length>
            </field>
            <field>
                <fieldName>combined_field</fieldName>
                <fieldType>string</fieldType>
                <length>12</length>
                <maskType>2</maskType>
                <primaryKey>true</primaryKey>
            </field>
            <field>
                <fieldName>separator</fieldName>
                <fieldType>string</fieldType>
                <length>1</length>
            </field>
            <field>
                <fieldName>entpno</fieldName>
                <fieldType>string</fieldType>
                <length>8</length>
                <maskType>1</maskType>
            </field>
            <field>
                <fieldName>separator</fieldName>
                <fieldType>string</fieldType>
                <length>1</length>
            </field>
            <field>
                <fieldName>sapno</fieldName>
                <fieldType>string</fieldType>
                <length>3</length>
            </field>
            <field>
                <fieldName>separator</fieldName>
                <fieldType>string</fieldType>
                <length>1</length>
            </field>
            <field>
                <fieldName>bcode</fieldName>
                <fieldType>string</fieldType>
                <length>4</length>
            </field>
            <field>
                <fieldName>separator</fieldName>
                <fieldType>string</fieldType>
                <length>1</length>
            </field>
            <field>
                <fieldName>conamt</fieldName>
                <fieldType>string</fieldType>
                <length>14</length>
            </field>
            <field>
                <fieldName>separator</fieldName>
                <fieldType>string</fieldType>
                <length>1</length>
            </field>
            <field>
                <fieldName>mstlmt</fieldName>
                <fieldType>string</fieldType>
                <length>14</length>
            </field>
            <field>
                <fieldName>separator</fieldName>
                <fieldType>string</fieldType>
                <length>1</length>
            </field>
            <field>
                <fieldName>cpcnt</fieldName>
                <fieldType>string</fieldType>
                <length>2</length>
            </field>
            <field>
                <fieldName>separator</fieldName>
                <fieldType>string</fieldType>
                <length>1</length>
            </field>
            <field>
                <fieldName>cedate</fieldName>
                <fieldType>string</fieldType>
                <length>7</length>
            </field>
            <field>
                <fieldName>separator</fieldName>
                <fieldType>string</fieldType>
                <length>1</length>
            </field>
            <field>
                <fieldName>cmpname</fieldName>
                <fieldType>string</fieldType>
                <length>54</length>
                <maskType>4</maskType>
            </field>
            <field>
                <fieldName>separator</fieldName>
                <fieldType>string</fieldType>
                <length>1</length>
            </field>
            <field>
                <fieldName>banktype</fieldName>
                <fieldType>string</fieldType>
                <length>1</length>
            </field>
        </body>
    </data>